{"mean_loss": -0.8992071151733398, "epoch": 9, "exh": {"_type": "histogram", "values": [1, 0, 0, 0, 1, 0, 1, 7, 9, 19852, 52, 19, 8, 6, 5, 7, 3, 5, 2, 2, 4, 4, 2, 5, 1, 1, 1, 0, 0, 0, 0, 2], "bins": [-223473.21875, -200881.171875, -178289.109375, -155697.0625, -133105.015625, -110512.9609375, -87920.90625, -65328.85546875, -42736.8046875, -20144.75390625, 2447.298828125, 25039.3515625, 47631.40234375, 70223.453125, 92815.5078125, 115407.5546875, 137999.609375, 160591.65625, 183183.71875, 205775.765625, 228367.8125, 250959.875, 273551.90625, 296143.96875, 318736.03125, 341328.0625, 363920.125, 386512.1875, 409104.21875, 431696.28125, 454288.34375, 476880.375, 499472.4375]}, "_timestamp": 1706907544.48994, "_runtime": 6.995330810546875, "_step": 9, "_wandb": {"runtime": 3}}