{"mean_loss": -1.4823862314224243, "epoch": 39, "exh": {"_type": "histogram", "values": [1, 0, 0, 0, 1, 1, 0, 2, 4, 5, 14, 6, 9, 16, 23, 22, 32, 42, 56, 44, 75, 101, 109, 127, 178, 274, 357, 994, 5675, 11428, 376, 28], "bins": [-1405.265625, -1356.9560546875, -1308.646484375, -1260.3370361328125, -1212.0274658203125, -1163.7178955078125, -1115.4083251953125, -1067.098876953125, -1018.789306640625, -970.479736328125, -922.1702270507812, -873.8606567382812, -825.5510864257812, -777.2415771484375, -728.9320068359375, -680.6224975585938, -632.3129272460938, -584.00341796875, -535.69384765625, -487.3843078613281, -439.07476806640625, -390.7652282714844, -342.4556884765625, -294.1461486816406, -245.83660888671875, -197.5270538330078, -149.21751403808594, -100.90797424316406, -52.59843063354492, -4.288887977600098, 44.020652770996094, 92.3302001953125, 140.63973999023438]}, "_timestamp": 1706910289.6387131, "_runtime": 7.5119781494140625, "_step": 39, "_wandb": {"runtime": 5}}