{"mean_loss": -0.12394014000892639, "epoch": 9, "exh": {"_type": "histogram", "values": [2, 0, 0, 0, 3, 10, 8, 12, 25, 43, 62, 100, 168, 374, 806, 1453, 2305, 3238, 4239, 3523, 1739, 959, 482, 203, 108, 51, 40, 22, 14, 4, 4, 3], "bins": [-25.58631706237793, -24.236095428466797, -22.885875701904297, -21.535654067993164, -20.185434341430664, -18.83521270751953, -17.48499298095703, -16.1347713470459, -14.784551620483398, -13.434329986572266, -12.08410930633545, -10.733888626098633, -9.383667945861816, -8.033447265625, -6.683226585388184, -5.333005905151367, -3.982785224914551, -2.6325645446777344, -1.2823437452316284, 0.06787699460983276, 1.418097734451294, 2.7683184146881104, 4.118539333343506, 5.468760013580322, 6.818980693817139, 8.169201850891113, 9.51942253112793, 10.869643211364746, 12.219863891601562, 13.570084571838379, 14.920305252075195, 16.270524978637695, 17.620746612548828]}, "_timestamp": 1706907768.401112, "_runtime": 8.575402021408081, "_step": 9, "_wandb": {"runtime": 1}}