{"mean_loss": -0.6201431751251221, "epoch": 9, "exh": {"_type": "histogram", "values": [1, 0, 0, 0, 0, 0, 0, 0, 0, 0, 0, 0, 0, 0, 0, 0, 0, 0, 0, 0, 0, 0, 0, 0, 0, 0, 0, 0, 0, 2, 1, 196], "bins": [-514734.625, -498485.75, -482236.90625, -465988.03125, -449739.15625, -433490.3125, -417241.4375, -400992.5625, -384743.71875, -368494.84375, -352245.96875, -335997.09375, -319748.25, -303499.375, -287250.5, -271001.65625, -254752.78125, -238503.921875, -222255.046875, -206006.1875, -189757.328125, -173508.453125, -157259.59375, -141010.734375, -124761.8671875, -108513.0, -92264.1328125, -76015.265625, -59766.40234375, -43517.5390625, -27268.673828125, -11019.8076171875, 5229.05712890625]}, "_timestamp": 1706907060.378876, "_runtime": 4.398313045501709, "_step": 9, "_wandb": {"runtime": 2}}