{"mean_loss": -0.588382363319397, "epoch": 9, "exh": {"_type": "histogram", "values": [1, 0, 1, 0, 0, 0, 0, 0, 0, 1, 0, 1, 0, 0, 0, 3, 0, 1, 1, 2, 0, 0, 0, 0, 2, 1, 1, 3, 19, 161, 1, 1], "bins": [-9352.20703125, -9032.8017578125, -8713.396484375, -8393.9912109375, -8074.58642578125, -7755.18115234375, -7435.77587890625, -7116.37060546875, -6796.96533203125, -6477.560546875, -6158.1552734375, -5838.75, -5519.3447265625, -5199.939453125, -4880.5341796875, -4561.12939453125, -4241.72412109375, -3922.31884765625, -3602.91357421875, -3283.508544921875, -2964.103271484375, -2644.697998046875, -2325.29296875, -2005.8876953125, -1686.482421875, -1367.0772705078125, -1047.672119140625, -728.2669067382812, -408.8617248535156, -89.45653533935547, 229.9486541748047, 549.3538208007812, 868.759033203125]}, "_timestamp": 1706907293.065995, "_runtime": 9.706683874130249, "_step": 9, "_wandb": {"runtime": 2}}