{"mean_loss": -1.4633009433746338, "epoch": 39, "exh": {"_type": "histogram", "values": [19158, 277, 122, 81, 76, 65, 37, 43, 22, 17, 19, 11, 16, 12, 9, 7, 10, 4, 2, 0, 2, 2, 1, 2, 3, 0, 0, 0, 1, 0, 0, 1], "bins": [-67.44795989990234, 531.4541625976562, 1130.3563232421875, 1729.2584228515625, 2328.16064453125, 2927.062744140625, 3525.96484375, 4124.86669921875, 4723.76904296875, 5322.6708984375, 5921.5732421875, 6520.4755859375, 7119.37744140625, 7718.27978515625, 8317.181640625, 8916.083984375, 9514.986328125, 10113.8876953125, 10712.7900390625, 11311.6923828125, 11910.5947265625, 12509.4970703125, 13108.3984375, 13707.30078125, 14306.203125, 14905.10546875, 15504.0068359375, 16102.9091796875, 16701.810546875, 17300.712890625, 17899.615234375, 18498.517578125, 19097.419921875]}, "_timestamp": 1706907814.895879, "_runtime": 10.929995059967041, "_step": 39, "_wandb": {"runtime": 5}}