{"mean_loss": -1.0847450494766235, "epoch": 32, "exh": {"_type": "histogram", "values": [2, 0, 2, 3, 1, 2, 4, 5, 1, 10, 16, 12, 5, 15, 29, 30, 45, 51, 51, 65, 91, 94, 148, 168, 258, 422, 13681, 4527, 226, 29, 6, 1], "bins": [-2053.982421875, -1977.8529052734375, -1901.7232666015625, -1825.59375, -1749.4642333984375, -1673.334716796875, -1597.205078125, -1521.0755615234375, -1444.946044921875, -1368.8165283203125, -1292.6868896484375, -1216.557373046875, -1140.4278564453125, -1064.29833984375, -988.1687622070312, -912.0391845703125, -835.90966796875, -759.7800903320312, -683.6505126953125, -607.52099609375, -531.3914184570312, -455.26190185546875, -379.1323547363281, -303.0028076171875, -226.8732452392578, -150.7436981201172, -74.61415100097656, 1.515401840209961, 77.64495086669922, 153.77450561523438, 229.904052734375, 306.0335998535156, 382.16314697265625]}, "_timestamp": 1706910270.408824, "_runtime": 6.014388084411621, "_step": 32, "_wandb": {"runtime": 4}}