{"mean_loss": -0.6141965389251709, "epoch": 9, "exh": {"_type": "histogram", "values": [1, 0, 0, 0, 0, 4, 0, 1, 2, 2, 7, 4, 8, 6, 13, 36, 55, 99, 247, 1350, 17984, 104, 46, 13, 6, 4, 2, 2, 0, 2, 1, 1], "bins": [-11761.3095703125, -11182.77734375, -10604.2451171875, -10025.712890625, -9447.1806640625, -8868.6484375, -8290.1162109375, -7711.583984375, -7133.0517578125, -6554.51953125, -5975.9873046875, -5397.455078125, -4818.9228515625, -4240.390625, -3661.858642578125, -3083.326416015625, -2504.794189453125, -1926.261962890625, -1347.729736328125, -769.1975708007812, -190.66534423828125, 387.86688232421875, 966.3990478515625, 1544.9312744140625, 2123.46337890625, 2701.99560546875, 3280.52783203125, 3859.06005859375, 4437.59228515625, 5016.12451171875, 5594.65673828125, 6173.18896484375, 6751.72119140625]}, "_timestamp": 1706907406.930513, "_runtime": 5.6501100063323975, "_step": 9, "_wandb": {"runtime": 3}}