iter	MultiClass
0	1.875763514
1	1.624563672
2	1.413414014
3	1.262072007
4	1.138985494
5	1.032369069
6	0.9531668931
7	0.8809921454
8	0.8091651256
9	0.7455992093
10	0.6909050013
11	0.6460597961
12	0.6034916116
13	0.5624398952
14	0.5302902684
15	0.4979437552
16	0.4743405634
17	0.4496877443
18	0.422705694
19	0.4011571239
20	0.3822268127
21	0.3633215706
22	0.3469236805
23	0.3292734588
